square_feet,bedrooms,bathrooms,age_years,lot_size,garage_spaces,neighborhood_score,price
3974,1,2,6,7172,2,8.360706750895265,1040232.5602084994
1660,5,2,3,5858,0,5.5913354241069095,607276.0357963605
2094,4,1,28,9480,1,7.626158291204498,699525.6559294438
1930,2,2,13,3304,3,5.616073499669285,545732.9151532983
1895,1,1,2,8869,0,8.826454742272997,685883.0134193365
3892,1,1,23,8174,0,4.624982499096099,834407.736107032
2438,2,3,36,4384,1,9.732118099733892,696357.6991130124
2969,4,3,15,2182,1,9.390904824059898,851691.9922332336
1266,1,4,3,9190,3,7.674423575066069,656879.8566736312
2038,1,3,23,8687,3,3.514742957584648,616581.6677414738
1130,5,3,33,7565,1,2.1848822991393257,459949.78447631217
2282,4,2,29,9241,3,8.692331050838778,825440.6593832166
2935,1,3,17,9177,1,2.4877205752416516,765547.7839922339
3971,4,4,18,9651,0,8.68834710097602,1065568.8291233974
3719,2,2,30,7575,1,5.416885060411244,884853.7930164657
930,3,4,18,3589,1,4.659011054272938,380420.0570662986
2485,1,3,48,3587,2,9.128717009509861,690003.1869255847
1569,5,4,45,2659,1,6.434658842862501,524098.74808642414
3191,2,2,18,2159,1,6.18952606416746,721202.6714757583
2315,4,1,21,5953,2,6.028893501619579,670341.9707159052
3653,2,4,23,9181,3,4.3405256441757825,945138.0705807422
3233,1,4,44,9345,2,8.070787931762144,897710.0465647804
2015,4,2,11,8555,0,3.275185996141957,619679.878090653
1755,3,2,29,3011,2,9.450054640371475,583954.2208236748
3124,2,4,37,2052,0,9.045866845422648,866409.2481121427
1984,1,3,30,8551,3,4.037322931074083,591167.1437439432
1259,5,4,35,8990,2,7.565173928484974,627759.7685817877
821,4,2,18,7141,2,6.159008750046323,514424.6610615517
3100,2,1,47,7149,3,4.038843717993111,708067.1386447931
1547,2,1,44,8846,0,9.896694831959021,673878.7546300064
3704,3,3,35,4307,2,1.2271361126343778,733009.0806276359
1274,3,4,29,3228,0,3.27381427559158,386409.6788931758
1882,5,1,48,9226,2,5.680666550000353,619254.0032762655
3358,5,4,32,7590,1,5.697577031307075,860274.3289335708
2847,1,2,17,8919,2,6.300397674510077,790170.3117873697
3547,1,1,48,7585,3,7.765085548206273,873645.2491548129
1775,5,3,27,3035,3,6.611300474673667,559276.0745641255
2606,5,2,46,5702,0,6.402533144752333,695726.3557132119
989,4,3,10,8046,2,1.4816301662173896,404487.2953753945
3805,3,2,44,6045,0,4.3887725901036845,840046.3512504827
3534,1,1,32,9457,0,3.0885016573104043,817873.413416559
3805,3,3,16,6945,1,3.388331004417779,840228.5194041886
1362,3,3,5,9927,1,5.989037269063104,607760.7400731209
2699,5,2,3,6449,3,2.795547834366476,710056.2000694581
2067,4,3,19,9806,0,3.6455419091520778,701269.5305197489
3679,2,2,47,7194,3,3.133762376656061,845673.9693439967
2328,4,2,46,9016,2,9.536526488963753,765850.8805270058
1446,4,2,26,7835,0,9.501991589539857,685338.9346280422
2868,3,2,14,9728,0,6.489474027364466,831150.2505460558
3688,4,1,5,9758,2,9.3207022185871,1046111.8644508615
3014,1,2,46,7560,2,8.072313809215359,830249.2161999008
2097,3,4,13,7086,3,6.309530945216279,700579.5495179235
3235,1,3,10,3264,3,1.0579169034711615,678878.9415500282
1400,2,4,38,9161,2,7.952646574714636,692755.0325209601
3163,3,1,8,3884,3,7.322395074296219,840028.4051834627
2861,2,4,25,9321,2,6.537282879541726,794684.6283405847
1041,3,3,15,3809,0,7.843818805142245,481535.7520667032
2841,5,4,4,5167,0,5.616299482972892,717840.5695300896
3624,4,1,9,5797,1,7.336749441892052,874000.3341890011
3412,5,2,49,4341,0,9.41654878053844,793108.7533795713
3745,2,4,2,8352,2,4.382245142614776,945854.127604554
2163,4,1,12,5414,3,7.373096514105629,690636.701920046
2939,3,1,42,7207,1,5.281190362098629,715041.7258557627
2190,4,3,48,2817,3,7.069596866325834,598845.4783416368
3803,1,3,29,7895,2,7.866040019989277,976421.9492303419
2278,4,4,44,8056,0,1.4090725039221637,563704.1504569212
3356,1,2,5,4437,1,6.819403995537957,773241.2364454292
1575,4,1,16,8468,2,3.040670659662501,500554.2804335212
834,1,4,44,9083,1,7.030292840268101,510402.093084543
3053,2,1,18,2888,1,5.214971673404321,653615.0647491252
3952,5,1,41,7951,0,7.961974676783985,963342.2263656894
2755,3,2,34,7276,2,2.110607336850368,669189.4456218211
2385,4,2,45,2667,3,6.636901164905756,654911.4272684288
3873,5,4,25,9818,1,3.506236560347971,1001480.3375555758
1821,3,2,4,6728,1,8.676837957975323,690435.0582884318
3413,3,2,28,4624,3,9.355451550726768,904743.9618450523
1929,1,4,36,7738,2,9.967584643111499,748965.0067917149
2300,2,2,19,9826,1,8.16406662184555,734396.0945817217
1502,2,3,48,6232,1,7.783606633852041,558439.2541671684
3249,5,1,20,8042,1,2.9395068298079594,763724.7240629791
3577,2,1,9,7793,2,4.024063530910979,819687.2034996861
2379,4,1,4,6523,2,5.191142875860516,682860.3920379478
961,2,1,35,7571,3,7.960429430040247,511996.3191545763
1001,5,4,5,8755,2,9.234692785701718,647527.5167247913
2781,2,1,25,9054,2,2.7022519002068615,687255.5188897599
1795,4,1,3,2818,0,9.301307362030926,590971.1721382223
3117,1,1,38,4188,3,7.2606218711865225,665248.2649721563
1615,5,1,38,3106,1,6.496936576165347,459881.3467948198
1255,1,3,49,4224,2,2.7985714415374554,367361.71581282874
2075,1,1,34,2197,1,1.499725295282355,424439.8718066822
1816,1,3,0,4671,1,6.116184086571459,508908.5044339385
3143,3,4,23,9735,0,6.863641149960031,878629.279736391
3567,3,2,35,8091,2,2.8970330441921943,823239.4411246476
1137,1,1,5,8834,3,6.008105852429107,567778.5102233228
1678,5,2,40,5492,2,8.708440624863162,622647.6087742985
1876,4,2,45,4448,1,8.51559350909518,595766.3669747474
1591,4,4,43,9865,3,9.346196625276674,787196.2381286226
3064,2,2,30,2470,2,4.292972286011924,676207.0883302552
1563,5,3,19,8361,1,3.8624461529582685,607989.7057662372
3035,3,2,23,3948,1,7.744834053827278,758788.9312709596
1179,1,2,24,7024,0,4.880011645873045,488741.11827733647
1292,2,2,35,5899,0,1.7879379762500256,313126.3874203393
3912,4,1,20,4010,0,3.5452101760344976,824567.1571506328
1980,3,1,29,5800,1,4.767240569783402,554185.0496413284
2862,3,3,23,8775,2,3.632647829286268,767484.2214695911
864,1,3,43,9094,0,3.9898501385258944,394868.673720823
3368,4,1,41,7001,2,3.643983155569517,711898.7884459934
2167,5,3,29,8318,0,1.3734925046477149,594978.4370499448
1952,3,1,21,6118,3,6.7338523074199825,648048.1441732415
2827,1,4,27,5796,3,6.375631783181223,787441.5661240936
3495,5,2,6,5988,0,6.880451486308125,907864.6450324408
2295,4,2,34,2234,1,2.7307890643026473,512244.5774591699
3934,3,3,27,9180,0,3.6608908745123676,885508.6787770204
1962,5,1,13,7220,0,6.5765433425043005,678137.8657382085
2322,5,1,9,2928,1,6.396648116139293,599707.5324792225
3440,5,3,15,5607,3,5.55697278418841,904276.2466866643
1191,3,1,15,2522,2,4.153719250091777,376413.52518810926
2498,3,4,30,7904,0,9.216379042972209,821668.1994783407
1218,2,2,41,5523,1,4.057932180689594,437586.10306639294
3136,4,3,24,6526,0,5.100572407935264,819478.3689644057
1178,1,3,12,6888,1,7.103024478587878,566154.7723332011
2596,5,1,5,3629,2,5.887192877800877,660546.0864583518
3078,2,3,43,7832,2,4.121973787279471,782269.4311951433
3865,1,4,8,6628,3,4.920803114108589,896886.3895536013
2888,2,1,44,9122,1,8.150327360681555,842035.2260688687
3899,3,1,35,7842,1,3.503162399379512,804514.1641026199
2982,5,1,42,7771,3,2.2802971579913387,703917.0270916325
1000,1,1,19,3316,3,3.818468816467994,317154.9862265297
2663,1,4,17,4857,1,8.645807939391112,799833.2680582186
1579,1,1,42,7008,3,1.80090743370712,462487.6890653484
3777,1,3,20,3124,2,9.925264660352067,934131.5119225597
3904,1,4,3,7621,0,5.869026090348963,956728.9265768606
3919,2,2,49,7423,2,9.863611695703845,1021025.6060670302
1302,5,2,32,9014,3,9.450967798773798,717487.6413678185
3254,3,3,26,4587,1,5.075323427898251,764842.4209373211
2551,3,3,6,3023,1,2.786419671448142,574780.2320377642
1604,3,4,5,7672,2,2.483962989086246,576557.0993203708
2946,3,2,14,3378,1,3.1599042748296178,586695.7857379303
3531,2,2,17,5374,3,7.3911937650808355,906199.3903137856
2695,4,2,31,3519,2,3.4565499525833907,594738.1403313335
3573,5,2,10,7777,1,4.072827426438685,864103.8496727936
2370,1,2,19,9935,0,5.039009235951533,728656.7705923376
1760,4,1,23,8093,0,9.219094123793107,675872.0676031369
3460,3,3,14,2226,3,2.704540760963615,735555.7853813345
2285,4,1,47,7355,1,1.0452389734882281,566148.2369594382
3490,5,2,6,6968,3,1.5408676934035315,802682.6850365135
1828,1,4,20,2891,2,9.142897075121061,635935.8715527678
1302,1,4,41,7574,0,6.827648183590268,542888.1283714451
3614,5,2,25,6072,2,3.457365573950261,824442.0792606681
1197,5,2,43,7132,1,2.59473250910072,398566.169329017
1670,3,4,13,4257,3,3.648400629734029,519037.8731466085
3642,1,1,36,4788,3,2.033172345261521,667243.1404220625
1192,4,1,20,2396,3,9.47379619255997,495601.8880781773
1006,2,2,17,7219,2,8.057855569287401,485637.9186120201
1838,2,1,4,4078,0,5.161520592212867,525215.8594104683
2681,5,4,2,9041,2,8.784663446036816,977334.6511122428
3739,3,1,22,9695,2,3.2451238386390906,861194.9239117602
2284,2,2,25,6744,1,7.4540851162497415,725786.1356234149
1663,1,4,36,6424,1,8.705192491123691,671330.5967585997
3590,5,1,23,5237,1,4.210918404609453,762538.8430847882
1363,4,3,48,7578,0,7.817180009056459,558925.6826956868
1820,5,4,18,5893,0,3.655651143378784,603975.2212350358
895,4,4,24,7047,1,3.689714217331277,448662.6145435264
2723,5,3,20,4005,1,1.9635146069876745,581914.1991901741
2557,5,3,11,4016,0,4.960522418584588,652777.2728567566
3332,5,4,40,5171,3,7.5674071584768,898994.986306282
3078,4,3,32,4668,0,9.461987250141565,820791.5810303942
3596,4,2,49,3878,0,6.434172927361865,715578.2172210148
2478,5,2,3,3196,0,8.76821983962165,722165.1006743062
1340,2,2,41,3772,1,8.402451843612043,496271.5002746452
1859,3,4,6,2161,3,2.560087476777528,494348.979943768
3372,3,3,21,5976,0,5.372356860213683,851395.422704028
1983,3,3,32,3751,1,2.0523118197285233,476383.47943018447
2522,4,1,16,2775,2,7.1393784540547145,674572.581984139
3957,4,1,23,9430,2,9.549097014214684,1100543.5345648497
2619,2,3,33,7923,0,2.2338051227088087,639465.448542793
3425,3,3,27,8417,2,7.604948177222871,1000309.3267892748
3529,3,3,42,9170,3,6.690143357810749,899092.3351258987
3404,5,4,40,7147,2,6.252445333072898,867826.7019335871
2397,4,3,38,8469,2,4.511082112195053,723125.8050530008
3860,3,1,21,2939,3,4.196184829784313,828314.026732767
3493,2,4,48,5220,0,1.4072427011699906,689507.2176231911
1595,2,3,16,2539,0,2.9611783742681212,382740.8242330209
1851,3,1,33,8631,3,1.1365919405814422,567514.4860712966
2443,4,4,5,6917,3,6.232753950238185,755837.7819118253
2163,2,3,45,3461,3,1.9526791229011797,496658.61160651885
2781,5,3,5,7184,2,8.857174546267444,927683.9179971197
2154,2,3,33,2355,3,5.708287186274487,555659.0229542316
2463,1,4,0,5604,1,7.297209181528376,723296.394420508
2329,1,1,9,5323,2,4.697713826564469,588642.2134032217
2838,4,1,20,2234,0,6.045218281009438,683556.9947224789
2296,3,2,4,8370,0,9.483932592699674,836702.7459735716
3037,4,3,1,3548,0,1.744606356613037,655136.9206681896
2208,4,2,21,9480,2,3.2854399473132654,724428.4662749236
2200,4,2,47,4096,1,8.019894942194899,644376.3703329763
2106,4,1,1,6213,3,1.8886348619439928,604145.8679736448
3480,5,4,9,4101,3,1.6809499351369976,758083.7002508967
3475,5,4,33,3673,0,4.253872588786347,848069.5107308256
1772,2,1,15,8708,0,1.829511626251891,552801.7331236886
2568,1,4,47,7163,2,6.265705979855828,720263.4104305402
2082,4,2,38,9982,1,3.0364772573493983,670888.137695245
1509,2,3,21,4100,3,9.06128166879435,644401.4564550193
2279,1,1,11,5657,2,8.05150072760731,732868.7504789622
2234,3,3,23,6653,3,7.297346854895285,652134.0813007731
1448,5,4,46,5596,0,6.552496246460517,578512.949640238
1117,1,3,39,5748,3,8.771191573073171,558058.7524060014
2057,3,4,37,5173,1,3.0075585538848117,562331.1622754239
1483,1,4,9,3815,1,8.857979584878048,595749.8826238882
1463,5,2,34,5841,0,8.105430685816472,592340.1055308476
2798,5,4,48,4005,1,7.73344743748917,801630.3950961718
2431,2,2,31,9011,1,6.051301102674317,739336.728777659
2295,4,2,6,6493,2,3.216197448735401,641022.1295303559
1936,1,2,20,9305,3,4.8119312439270665,674979.7115432452
2653,1,1,19,2674,0,8.142135890849215,673524.1826235865
2320,3,1,25,2386,0,1.28600635921592,463277.21180099936
3289,5,4,3,4158,0,8.038456923373825,940482.5363486825
1363,1,2,45,4661,0,3.1606366643880985,358651.49523321306
2091,5,1,21,4064,0,2.2987828064944273,450928.26001032337
3984,1,2,14,5851,1,2.0413118636227194,801823.701920292
2436,2,3,39,5253,2,1.245250107557336,550027.5530376423
3799,4,3,20,6979,0,5.712278366993076,938882.8300585427
3952,1,3,14,9703,2,2.9643388542435654,921187.948795948
1498,5,4,21,6636,2,9.904885892016685,732695.7246195938
2960,2,2,27,6266,1,6.169930802849852,829706.7704793934
801,1,3,13,8552,0,2.2409674242040936,413259.6151714126
1441,3,1,26,2739,1,7.198862867302288,507221.0307141013
3067,4,3,40,3401,0,9.079692098587527,796176.3602330151
2389,1,3,39,5259,1,7.706615458326529,638637.6737729443
1654,2,3,27,9001,2,1.687958749355029,455375.62111998344
2559,3,4,25,4277,0,9.062957630733935,745403.5233042769
3232,2,1,48,5904,3,8.145364472739683,740102.9621395385
2461,2,2,1,5923,2,2.424735100950529,628634.8482743414
1953,3,1,24,6214,3,1.4660729985953518,487397.31543213816
1876,2,2,2,5227,2,6.015795177828776,560933.6334514621
2507,3,4,7,4831,1,2.404322302059792,627704.2811499536
3577,1,4,43,5758,0,8.51131857335745,869333.9985246821
2495,3,4,32,4512,2,4.225011910045064,657638.5853606496
2533,3,4,41,4151,1,9.216032002629179,771599.5899604047
2239,4,2,34,5675,0,6.091193549269052,616574.8138420731
3094,3,3,5,4745,0,2.6440514581570134,687982.8510212156
1635,3,2,38,8091,2,2.256389806238201,507926.61777110165
1002,1,1,22,5866,0,6.188251938019786,383115.0320442219
922,4,4,24,9669,2,7.856952506761996,626548.0383553604
1200,5,4,49,5764,0,8.033550829679639,514188.21129960916
1566,1,1,42,7801,3,3.4818166399715316,501936.9253858744
1093,1,2,18,7818,1,2.838220830209507,408210.6108763917
3127,5,3,4,4222,3,1.1508067404314417,654163.886489459
3731,3,3,10,9901,2,7.112792360810524,999090.6010460384
997,2,1,11,4792,3,1.6891143259018508,319487.620711743
3829,4,3,9,3697,2,4.786850815893333,892016.8968989416
2730,2,2,7,7540,0,6.415139476164665,768877.6278826904
3599,5,2,23,9301,0,9.433980504277093,990031.1888799734
2991,1,1,27,5462,2,3.8062192326019177,716517.4694310626
1408,1,2,40,6063,3,3.247949462018678,456453.44859578373
1947,4,4,35,7855,0,6.887441388574886,676246.3636569823
986,1,1,36,3524,1,6.573151288482235,333093.75664120517
3311,1,2,20,6760,0,3.988988049773121,738836.8938599223
2594,4,1,7,2032,1,9.352916519588078,712947.5204499719
1459,4,3,8,8198,3,8.603760947406695,709974.993628675
3611,5,2,46,6025,1,3.0158429127857302,797763.768109433
3802,1,4,14,4566,1,3.1522829089107085,828624.5355850898
2755,1,2,47,4803,1,5.610703121983725,602233.5551244367
3250,5,1,45,5896,1,7.962148915576483,838728.8675243093
2169,3,1,39,5709,0,1.3963634144961796,475650.61060495814
2786,3,2,17,8155,1,7.24001638361236,893339.7278754053
2334,3,4,41,7647,0,6.834123076438873,724833.910083863
946,5,4,19,2719,1,3.083320863216894,353683.4256265812
3711,1,4,5,8698,2,7.132177119172139,993225.493680811
2534,5,1,11,8516,3,9.461648721268743,864704.1693913956
2643,5,2,1,6579,1,1.4210726047459166,590885.6359041174
1288,3,3,6,2972,2,3.876868497628563,446810.8463432492
3776,2,1,15,5718,1,4.943590449997197,823033.0185295724
2759,1,4,2,9395,1,9.093343230322207,904282.8443032396
2463,3,2,44,8766,1,9.660353019482411,784071.7694703435
3398,2,4,2,6402,2,4.997037218466991,823848.5035553077
3185,2,3,26,6552,3,7.75025570927972,891912.8627542624
3719,4,4,49,4207,2,5.784949213880347,886867.4300402934
1440,1,4,42,6426,3,5.840046412672389,555064.1184799268
2602,2,3,39,8919,1,3.502895635597208,635928.4628731412
3320,3,2,37,6320,0,2.9526062127749158,735707.0560972126
2769,4,1,32,5030,1,3.59204811331637,582873.1062928087
2998,1,2,27,8872,3,6.006952065313714,794478.5325879949
2238,5,3,0,5575,2,1.262396674198801,615726.6703176873
2434,3,4,7,7575,1,9.165240499207652,856458.9669313261
1062,2,2,36,5116,2,2.406553385947986,365492.8555847038
2587,2,1,31,5285,2,2.980798091842479,627657.0319136556
2991,3,3,47,7178,2,5.664485588028817,794622.5941229583
3193,2,2,42,2643,1,7.3910328970355135,672015.2456746614
1423,4,1,36,6711,2,1.8615614926995758,418123.1119297986
1816,1,3,3,2194,2,3.8592522779244596,479513.0532161797
1680,4,1,29,5996,1,9.718071450169214,644109.5344511493
2849,2,3,5,2488,2,3.3610867010285115,618623.112272641
3744,5,4,45,4204,1,3.817451305568322,783211.5986353002
2127,1,2,18,4657,3,8.528486415562302,743424.5094728372
3101,1,1,31,7345,3,1.4519298852140974,654685.902374179
1252,3,3,8,8555,3,5.181518519280738,649986.024583252
3908,3,1,11,5276,2,4.416550880065032,817895.0598589443
1983,5,1,10,3102,0,3.8492808391778603,530433.8230422167
3862,1,2,45,7243,0,3.571296346402881,815331.651151768
2856,5,4,15,8614,2,1.822366943743683,729580.6877816403
3970,3,1,0,3241,0,3.833432464164839,787129.0983095005
2482,3,3,44,2515,1,1.3874716244410172,495832.88853019633
3663,1,3,20,7721,0,8.028674772799917,914263.3708050142
3055,4,4,29,7223,2,4.584050145622105,796627.0358194899
1954,2,3,12,2392,2,4.995134490879204,463871.28951026173
1203,3,4,33,2630,1,9.042351278051184,545454.2616593417
2999,3,3,3,5716,3,6.922494854750987,870046.9215924585
2901,4,2,27,3847,2,1.072531930079078,611534.2094769367
3991,4,1,37,4655,1,9.488573406651565,1022892.0790044225
2496,5,2,30,2979,0,3.134300193799401,582800.3916729818
1427,5,1,26,6529,0,1.9685276628387296,467127.48073429504
1386,2,1,4,5402,1,7.91315360542794,589919.7251110018
2448,2,1,24,9310,1,5.504295842800463,627476.9953724425
2243,1,2,2,5871,2,4.903935094162158,643178.5733165408
2245,5,1,32,8683,0,3.245527717144676,583060.1444191134
903,3,2,3,2277,1,5.927243408760868,358743.98167189746
1053,5,4,24,2232,0,3.469461446823287,345117.33801652474
3983,3,3,19,3552,1,9.114247047583609,950964.702189069
3357,4,3,33,7690,0,2.936840317598735,802284.8067620993
2296,5,1,25,7209,3,8.959196354101781,789579.6036027456
898,4,2,4,9659,2,6.034648831546213,560368.7793041274
3000,2,3,34,5270,0,8.456393205057168,819490.333362608
2684,2,2,27,4409,3,7.415613962748595,746674.938716478
3761,1,2,28,5512,0,7.270256002930737,881425.1257502688
2719,5,1,8,2025,0,3.9191122692555016,551592.6631491439
1677,4,3,37,9192,3,3.1050723832498313,562836.8259005441
1137,3,1,49,7513,0,2.8979760491270934,390049.2362464568
3669,2,1,5,8650,0,8.714724913536298,993221.7093326399
1756,2,3,18,9468,2,8.38384138233118,685498.6448265598
2504,3,3,43,9506,3,4.965161752110766,745508.6881095107
960,4,4,10,8410,3,2.1916415214680915,434022.30434501875
2403,4,4,1,2460,1,4.440270267797125,658434.2962665065
3648,5,2,46,5764,0,6.574091087232203,868102.6955317468
1197,5,3,43,8599,2,5.089628390319575,506386.62867931114
2100,1,4,43,5431,0,8.021703416346956,610580.7292745451
1615,2,2,8,7187,0,9.978605400262468,689078.0911540894
2327,5,2,20,7102,1,2.7201887960400715,668338.6873378968
2719,4,2,23,9006,0,5.136857376936152,730487.8592999234
2215,3,4,33,5483,2,4.878855117287398,660479.5011906673
1958,4,3,21,3994,2,3.7404327947405576,530823.6883276791
2018,2,1,2,2490,1,2.782859650482606,487767.31434285175
1200,4,2,11,3072,0,1.591229048406933,360716.4535211327
1439,1,4,27,9854,2,8.984073855013285,701190.8416198053
3904,2,4,29,8707,0,4.7786382791768585,875174.217791004
3535,3,1,25,5173,0,5.4720596665004395,810947.0611662344
1259,1,1,47,2215,0,9.252478433808243,457522.538975112
1754,2,4,20,9605,1,7.986614297643531,735178.2500369233
1269,3,3,27,3723,0,2.174511377054658,373043.0063232958
1845,1,1,25,3592,2,6.088779708469682,490445.8860617788
3597,1,4,32,4606,0,4.980270488676032,826665.6453474741
2493,2,1,20,2158,2,8.174899653208865,679426.6829547207
2885,5,3,34,8632,0,7.518092928507543,822079.6399073486
3077,1,2,33,6781,2,7.213651497199647,839940.1377455237
1362,1,1,40,5313,2,4.064903519319072,417132.67102203844
3285,3,3,46,4841,0,8.24467357359329,828560.9479341875
2599,4,4,17,3776,0,1.4715216603537509,579867.3814162833
2874,2,1,10,4052,2,2.436624112889505,611715.800924686
1025,2,1,22,9763,3,4.020609456801205,527652.2120693232
1597,5,4,47,7939,1,1.6912669696235314,542603.9237785437
3131,5,2,21,8504,3,3.1149484978122244,830959.1249544881
3726,2,4,16,8602,3,8.471358846981264,1036260.901750893
1759,5,1,4,4295,0,9.534263840110714,675781.7477087997
2304,3,4,43,7685,1,3.7414212019677144,622806.1378279757
1252,2,3,10,3696,3,3.3806422358995443,442739.3452524306
3867,5,4,29,4993,0,3.519033870217842,844281.205796377
1615,2,1,14,4469,3,3.4994717861575944,402322.6450316902
1458,4,4,26,3946,3,1.323371639673757,381121.241227185
1346,1,2,34,5809,0,9.342247116979973,537746.8145218227
2015,2,4,32,8158,0,2.9232832741329555,598946.7013837851
3920,1,2,19,4783,0,4.780036666732645,804298.523018297
816,5,3,15,5644,1,1.0871819446687097,332726.0464951765
2043,1,2,33,7241,3,8.721595818235514,723207.723112133
3005,2,4,1,8420,0,7.580416100094255,871010.0389188657
3324,4,1,34,7677,2,9.520804316563328,967084.3251751155
1869,5,2,39,4500,3,8.034539312767592,671167.1950137938
3365,2,3,27,9557,2,3.8233586084685873,846130.4048288541
2946,5,2,46,9461,1,3.230860228555813,776495.3492636451
2568,3,2,38,5645,0,7.279446767979636,720603.3828301823
1860,1,2,5,4645,2,4.277014975094495,522455.41609858035
3127,3,3,8,8589,1,6.095935141773549,894077.4184335031
3344,2,4,19,8353,0,1.056317239238232,786334.9926426717
1101,4,2,0,9757,2,1.5569713151242772,456641.2259543949
980,5,2,7,8857,2,5.81831147063486,563204.2459154938
1406,1,1,22,4349,1,6.094644818033486,465521.23512812215
3970,5,3,2,3932,0,7.763076500134092,986705.4965268734
1499,2,2,3,5294,0,2.1876878766156556,419106.44640191126
1792,5,3,24,3757,2,5.618647753811009,553473.3838619824
1939,1,2,46,8146,2,2.7500287998851976,537590.7098064646
990,2,4,37,7085,2,1.8387650760642522,430609.9035992135
3100,5,4,14,7637,0,4.694462146544991,795120.2402013268
1780,4,2,20,3116,1,2.470029832801515,418326.5612199241
3775,2,4,34,4567,1,2.9960378037308675,770875.797854154
2806,2,2,45,5499,0,3.8579912188255157,622052.4683081913
1984,4,4,13,2492,3,3.3344956066887663,488834.90609409363
927,3,1,35,5306,1,1.7883216766535175,352823.90052379237
2865,1,1,11,2619,2,1.8092462037373207,553451.9573529597
2616,3,1,16,5232,3,2.7392447371075135,610117.9827022887
2558,5,3,38,9888,3,1.4550326916358505,747514.9434319588
3413,4,3,8,5823,1,6.638113177092344,900896.634281023
1369,3,1,34,8474,3,3.585940448580118,483415.8548945025
2146,2,3,12,4380,3,3.5177137099216393,579381.0781072857
2695,5,4,14,8193,1,3.9879846481398866,770557.5022322028
3533,5,2,17,3546,1,6.965166467887495,889449.6874050656
1425,3,2,32,6958,3,8.835704933351415,620779.8972832777
3701,3,2,5,7787,2,7.831782393000745,934422.7735692724
2486,4,1,26,5563,0,7.547763072025854,645537.3535964875
3809,1,3,22,3605,3,5.359520670407643,878692.8571823917
954,3,4,26,5752,3,7.244250012706706,503587.8093847887
3337,3,4,33,8415,2,5.974861312302249,911327.8824765555
2209,2,1,45,6675,3,2.94625475367876,554659.2717634205
1584,5,4,37,3890,3,2.8772953096694565,471832.7391053887
3975,1,4,13,3275,0,3.667528061877551,802642.779036845
1045,2,4,35,8703,0,9.197224038728319,653241.9374140939
3910,4,4,7,4743,0,5.926733563417533,879086.4362261445
2300,4,3,34,7951,1,7.605148393016825,741555.0529027429
2505,3,4,18,9866,1,4.119028838348928,783242.6937792343
3606,3,2,29,9257,0,4.669441935987027,835281.6981462879
1337,4,1,13,4493,0,2.1300902077352624,425180.73942670913
2690,3,3,19,9160,1,2.5416546203950334,741008.8569824846
2641,1,4,48,7451,2,8.44620899343531,802479.0953898529
1720,3,3,24,7258,3,6.2635476851999385,619653.9850017704
3255,5,4,39,2356,3,4.03779219295437,688967.8201683406
1324,3,2,23,7720,0,8.225660880959914,616852.89884802
3675,2,1,13,8417,2,3.218679150741847,920516.3268030628
2329,1,4,25,9186,1,9.784294287401835,835054.1332625516
3750,2,4,37,8102,0,4.103358469715528,815342.5994209312
835,2,4,22,8454,2,4.0357985873610485,482950.45938782865
1484,5,4,21,2869,2,3.8072071498303472,505968.0678877945
819,1,1,47,2885,2,2.0990036433185915,199489.51812608668
3168,1,1,18,4001,1,2.000234325988112,600860.500367021
3359,1,2,45,8297,1,6.83294531080711,821192.285907789
1199,1,1,2,7509,3,8.876062401022423,582990.6440196498
3501,1,4,41,3283,3,8.114684592445062,841512.2213827852
1771,5,2,18,2619,2,2.26996834619216,426952.1753999989
2706,3,2,8,2882,2,5.910239096128598,642220.8451626481
3318,2,2,27,2796,1,1.9503239137897599,638609.3594149945
1966,1,4,19,5642,3,1.407651792517697,512451.43361703143
1915,3,3,44,8268,2,6.907472734462905,659209.5652580681
1633,3,4,6,5425,3,5.816371003123153,609354.9665797242
2623,2,1,13,3296,3,1.7382131669032377,503220.05800582765
3574,5,1,8,6714,2,1.314453217653896,784137.4181312502
2782,4,4,18,7930,1,9.907807720684012,901124.5470084135
1653,4,4,46,2244,2,1.270191989341647,401769.48377692455
850,3,2,13,4895,2,5.000754277451437,425408.33009885496
1374,2,4,37,8593,3,5.54157122146926,617433.8188853168
1948,4,2,35,2929,2,2.055521330204005,456256.6657647675
2997,3,1,39,7366,1,2.5215560059574464,705910.465050566
3161,5,2,16,2519,2,4.166245057693173,699028.7322084266
3417,4,4,29,5212,1,7.855082885922964,883941.7467471415
3152,3,1,8,4409,1,5.5637418165424,742345.7002288498
2515,3,3,32,2007,3,6.741116870976654,676141.6687947627
1481,1,2,24,4525,0,9.866570995816073,594243.0472060891
1637,5,1,13,5423,0,7.912048917818887,607863.3793413261
1877,1,2,10,4019,3,4.909253483270959,501829.2768336384
3850,2,1,34,6590,2,5.017977296168938,870141.2076772132
3291,1,1,40,7725,3,6.568948693369045,795531.578290737
3460,1,2,13,8976,1,6.9882868757701395,880750.2500802618
3840,4,3,29,9594,0,5.506398332530042,927385.4056151205
3111,3,1,40,7158,3,6.803751005334819,806408.7138093094
3924,5,1,3,8736,2,1.211792449726889,907966.5401972929
2395,1,1,3,6282,3,4.866605775071597,623594.3280453836
3851,5,3,27,5667,0,3.5104426846612906,897108.3457117549
804,1,3,7,5671,3,2.1625700071879934,387378.556853307
1926,2,4,1,4801,3,1.8959186152789762,491379.90348445566
2019,1,2,40,7973,0,6.428729490532008,611544.9817979506
1573,4,3,45,8236,1,5.712404924373505,560272.6150996134
1676,3,2,21,2085,1,3.2822570529673225,442105.0900562545
1791,2,4,40,5115,0,5.23855052895263,512268.86279370345
3731,1,2,15,6232,3,5.430090836641675,820408.6866043565
846,5,3,28,4468,0,2.755080823947542,342365.2472965759
3714,2,2,48,8217,1,6.868837556934856,938242.7611342592
3670,2,3,47,5619,2,8.028274207474814,891811.3684715937
3783,1,2,29,3636,3,8.12317186800567,890202.6126008421
3503,2,3,11,5583,1,6.422228476331096,872782.6448346886
1068,5,3,34,9323,3,5.6047472426711265,526410.4132845459
1169,2,2,10,6009,0,1.549064287048554,347275.38336157426
1435,5,4,45,5326,2,3.5904816896644527,492725.9678575392
1929,1,1,49,4218,0,1.839443021003529,378975.4260154266
2493,3,4,20,7847,2,9.674408447906263,909883.8477094814
2482,2,2,20,4217,3,2.2157213160318463,529183.3610483694
1456,3,4,4,7883,3,2.3659786886599186,517931.6641195125
919,5,3,47,6967,0,9.006189564974429,559061.0669087531
1630,2,1,19,4369,2,9.49535455128812,582427.0636487043
2610,4,2,36,5638,2,7.8924613531141885,664816.5558593485
1881,3,2,2,4503,3,1.0486443130540288,538466.5447087652
2774,2,2,43,2943,0,1.0121164386090733,475033.7493784322
2169,3,1,32,7722,2,4.402906928087057,635689.4548826306
1540,2,3,8,4837,3,2.290558330098033,428402.22311572614
916,1,2,8,4660,1,1.1654752793643754,273845.8347716197
2653,3,4,3,9322,0,5.176600204640542,752117.0150355764
3638,4,2,34,4936,1,9.487557076662744,903373.1249086761
1950,4,2,16,6444,0,3.9143761741218825,553910.9498295905
2731,5,2,33,9618,3,6.950266105858269,842789.6823261098
1812,2,2,23,5947,2,6.870118178191967,594315.8891835057
2464,3,3,31,3676,2,3.25972093298651,541367.4285157479
1881,5,4,0,3196,2,6.853827239414779,627698.6861350517
1433,3,3,7,6105,0,2.9110057685820214,521235.46421779477
1312,2,4,44,4787,3,2.0980667221920015,444843.3844171544
3649,4,2,22,9432,1,7.312449570037211,988471.850118371
1919,1,1,46,3461,3,2.0209673539352506,430487.16125058645
1941,4,3,39,9927,1,9.972182967304198,854819.2582166652
1359,5,1,11,5318,0,2.651071610352064,447624.22004645655
1287,1,3,11,2666,0,6.347276764808118,468377.6149363295
1696,5,2,45,8689,1,4.702371142713305,541801.7877844264
2012,2,3,46,7618,1,2.137477801651004,501218.02820413094
1503,1,2,14,4176,1,1.2505951681967207,373254.1696948819
2270,5,3,40,5743,3,6.6045905406355,675251.4967636601
1380,2,2,18,2600,1,8.260818074102135,475581.79324185825
3637,4,2,25,4652,0,8.578140953560697,871569.7523920499
3708,2,4,28,6422,0,5.34442125769241,827543.4121768763
3094,3,2,21,5824,2,7.99709920464147,811765.9455335751
3947,2,4,39,5906,1,7.055624201396903,945743.6716792496
953,2,2,20,2979,3,7.518290747492199,498376.98648184555
2479,3,1,37,4451,3,5.433391046996327,652614.2416563167
1796,5,2,19,2628,3,6.700705662179144,593562.3061056617
3957,5,1,28,3629,2,8.249733222184513,876667.3290226606
3544,2,1,3,9842,0,4.580957580013207,878542.8406509906
2043,3,2,6,9778,3,8.253810107808253,784346.4555962922
1892,3,1,27,5696,0,6.3281515851015655,582646.0225360745
3918,4,4,27,5430,2,2.493109219337076,836807.1063991032
1808,5,3,3,5674,1,1.2221574150212615,565096.2376059716
2941,1,2,21,5929,1,4.264782403592369,694932.8255787439
2573,5,1,11,4765,1,5.920266954667059,695763.3745147827
1757,5,2,44,9184,3,8.558383169831394,662316.3725003793
3859,4,4,2,6369,1,2.147371121262216,862714.0075732258
1252,1,2,21,6780,3,8.201857129152213,605924.2087297244
2027,4,2,43,2115,2,8.767081414605043,625194.3036093572
3759,1,1,1,6956,2,2.356187383007504,737206.9563828944
3065,2,4,23,4003,3,8.664348873737971,823928.4696490626
3321,1,3,33,2692,0,9.923082110585128,874024.0367855183
3279,4,3,26,5162,1,7.541549479434138,846109.5153774077
3188,5,1,40,3105,1,8.062927136424893,784545.6578919562
1350,1,2,0,8467,1,9.949737408029861,717153.7138193656
2435,1,1,7,5008,3,6.449331254733508,664004.8571219305
2112,3,1,22,4161,2,3.770977438146245,557025.3317523932
2557,5,1,37,7888,1,8.5377775066845,803096.3139818634
1156,2,2,5,9225,2,6.530371997604681,600913.7658454288
2870,4,4,21,2153,1,6.230758813488609,727705.4400422194
2585,2,1,24,7996,1,3.2827199996263445,632309.103635215
3369,5,2,17,7523,3,7.80700842624598,924551.2841134694
2581,1,4,16,5699,0,1.7350054827408663,572867.851657472
3971,1,1,11,7385,3,9.318583637151951,965123.3173626901
3649,5,3,5,6410,1,3.9324111469343626,909196.1759936584
3609,1,4,25,5786,1,2.149971875109914,764121.7858841842
3289,1,1,26,3064,0,4.981298797921769,713987.275423778
2431,1,4,7,6200,2,1.3822291833087985,649166.9098202594
3616,4,4,18,8020,2,7.161635748384697,981443.4181369038
1815,4,4,41,3913,1,9.124349594008205,606214.0658994864
2148,3,4,0,3216,2,8.535367064246579,700018.5322305905
1315,2,4,28,7520,1,2.14632526103093,441173.8233228796
3887,5,4,44,9445,0,2.1364402339695867,831956.49207759
3639,5,1,48,4401,0,8.320910340918378,843840.891375093
1135,5,3,34,9159,1,9.318288471428044,653241.0954237657
2582,3,2,39,3772,0,5.146028468501402,593090.9798395954
3105,4,4,13,3960,3,5.490740052223893,770072.1486970527
1296,3,2,34,4780,3,3.864358372471533,398282.88464779966
1695,5,1,47,7699,0,9.048386064307726,658317.3160583215
3007,2,4,44,6804,1,6.804126147631203,857311.2321872673
1651,1,3,19,9423,1,3.5942641945063163,608325.3215041924
2487,4,2,48,6746,0,3.6890458394882644,641804.9526268155
2731,4,4,12,4871,2,9.020800657572421,856852.2900072418
3537,3,1,37,7042,3,1.1227062151523932,727478.361051036
3227,4,3,48,2660,2,3.9045391545397456,633728.0834848825
2368,5,2,45,8242,1,5.989210130947321,701687.302589862
1756,5,2,48,4635,1,2.333957158893922,425370.59835238353
3538,3,4,7,4329,2,1.8288887877963083,766643.1221752673
2436,5,3,42,5954,0,8.33748697981504,782913.6156135385
2091,2,3,19,4450,2,9.049639497836566,750093.275153368
2240,3,3,32,3132,2,8.412457787183705,669890.0756150086
1991,2,3,25,2699,3,9.08909100763613,593842.5850755826
1866,1,1,38,8342,3,5.978007739525344,609070.4749929929
1084,2,3,20,9470,2,8.310323088913076,623453.7621102283
3244,1,2,48,4038,2,4.456383745519904,707134.9097537836
811,1,2,41,8470,1,6.996410753311347,472384.40232075873
2430,2,1,42,8297,3,9.89951978250248,796923.5427813823
3346,3,2,40,6647,3,3.0315495145521467,735666.9151271919
1553,5,2,8,9812,1,4.509097716619726,612560.3834222268
2882,5,3,23,6500,0,5.32042639579077,782707.6326992247
3574,1,2,36,6557,3,2.2421393831804655,691038.9730952067
3696,1,1,48,4179,3,1.729347494185511,672695.030384723
889,3,3,40,4838,0,8.46750579689462,497434.6439622429
1575,4,4,16,2873,3,9.791149355448276,695710.6021163729
3452,2,3,23,2083,3,4.642525574466928,729573.0460377662
3817,1,1,20,3422,0,1.7888485257518796,726272.3065685106
2425,5,3,38,8897,0,1.5923058462151882,689198.3615179181
3869,3,3,40,4675,2,9.021863857242689,938835.1243991869
1217,2,1,38,5180,1,5.174328247549119,403761.9502037734
914,3,3,12,6316,1,3.8802458490615273,425963.91212378035
1416,2,1,10,5975,0,5.288151441154596,486645.23247697204
1625,2,1,45,8696,0,3.864736852231126,537013.1013414437
2449,1,4,18,3391,3,5.40132197776858,622991.2940589265
2316,3,2,10,5218,2,8.736007572261432,782302.1523896998
3946,3,2,12,6207,2,6.330712339558861,914285.081907185
1212,5,3,45,2614,0,7.251883955291579,427444.35129376256
1528,5,3,44,7677,3,4.282036086109029,580504.2184994861
3868,1,4,0,4971,3,7.6465529065946685,1001700.6355309428
3608,1,4,39,5565,1,6.999553763914351,871848.5085282462
1475,4,4,43,5576,1,2.076057979768508,462723.9814332009
2692,5,1,18,6570,3,6.153785678040261,818673.5590917659
3304,2,4,11,8979,1,3.310691466787822,872286.8701157545
3767,3,4,7,8009,0,8.236861026702336,1015079.2882010334
3039,1,3,7,2270,3,4.833439376202455,681151.5779096032
3586,3,4,44,6066,1,9.952157486768385,994875.7031636512
1922,3,1,11,4468,2,1.832503941450674,498351.11593904346
2371,4,1,47,8016,3,8.023130764661428,761105.5695963382
1777,5,3,32,8850,3,7.063315601879408,697322.4794671806
1808,1,4,44,3390,2,7.907489475316349,576395.5477949037
2943,3,4,25,9447,0,3.767768159414107,785158.6170468109
2487,1,1,38,5354,2,5.428490404441606,609531.1966036013
3510,2,4,27,6135,3,8.168576677513375,912379.9728399549
836,4,4,4,8078,0,3.092871984587695,468237.75869314146
2348,2,4,7,8332,1,3.034298771097869,656308.0104043664
3126,1,2,24,9331,1,5.959458579654392,833827.8396187938
3064,1,3,26,7089,1,5.712072215768702,718185.6084276462
3714,5,2,45,8108,3,3.5403622337163956,848772.8307848853
1672,3,3,22,5607,2,3.682680854723405,556956.8973889066
2621,3,1,29,4583,0,3.5006064688590897,561312.2849575425
2096,2,4,44,6073,1,7.943608557986389,696213.272780954
2909,4,3,46,5075,0,6.867107790062145,724009.1822505614
1395,3,2,22,5906,3,8.491754650692275,624937.4359711035
2703,5,4,48,2289,1,9.779257254826197,756798.1629546987
1528,2,1,46,4480,3,5.267478666447878,453387.5685302384
2165,2,3,19,8614,2,1.6002449326490398,600666.6676726365
1196,5,3,17,5252,3,1.432830793708319,381957.9608290571
1498,4,3,17,9415,3,3.6609853534445724,625687.3583988082
3890,5,4,1,8771,2,9.392901304172058,1157845.5358497736
3024,4,2,3,2278,0,5.708917494737874,698081.9924585981
2435,5,2,29,4924,2,3.4460786447211627,632608.0912450755
1195,5,3,32,2580,2,4.592501150599176,448029.8491713411
3292,1,1,35,6958,3,6.387355966642037,803906.1725961021
875,2,1,17,2253,0,6.87654692324058,332976.2584994786
1064,5,2,36,6276,1,2.385275588046145,444574.353659709
3302,5,1,18,9997,2,9.793285088906584,991296.4760748007
2619,3,2,46,6776,0,5.9029500428451,671669.7079947132
1517,2,3,27,2824,2,2.2211948601305136,442723.62944328063
3582,3,2,39,9676,2,9.042717280115204,1012189.6950295663
1650,2,2,19,5832,2,1.6717458797148592,460656.54927461187
2190,3,3,48,2699,2,9.169618898597614,625597.6525628638
943,5,1,32,8709,3,9.969090906600842,645941.3944114177
1684,5,2,11,7445,0,7.303886192408535,739992.7129758057
3940,1,2,14,3380,0,7.934024989665908,909365.8546580039
3970,3,3,40,5896,0,4.035725528207378,864195.7930939614
1195,4,1,38,3673,2,9.474191674605404,544197.575759718
3896,1,2,1,4727,3,5.767425694975309,876282.1823793264
3795,3,3,28,8534,2,7.591496019377994,982587.8785966553
3738,3,2,40,7734,2,9.316969443201515,973790.8715529514
2292,1,4,9,8053,0,9.776619783779575,793026.995932883
1967,5,3,1,5156,2,8.498839209370068,710067.6342609712
3416,3,1,10,5388,1,3.7271575628382703,745625.7233034893
1862,5,1,12,6307,2,9.698927648968741,709572.6559591946
2956,1,1,9,7634,1,6.653075781192146,778226.5535824007
1865,5,1,13,2383,2,9.375782287167638,637094.912889482
2009,2,2,17,7810,3,7.084945232329167,694037.4213544646
3782,4,2,8,2341,3,3.7651506566294843,799269.6400210882
3245,3,1,38,7934,0,4.330220717285344,806354.4448324682
1433,4,1,27,3987,2,5.954245993926464,489848.17700965697
1956,5,1,2,6059,1,8.110133574038938,754660.069134997
2038,3,2,19,6939,1,3.8618429620630144,600606.7602462537
1532,5,1,5,5109,2,6.217580495207729,550001.724653708
1034,2,1,26,6082,1,4.110624942187614,436993.1207261003
3505,1,4,1,7630,3,8.341924641715964,977512.2980116531
1550,3,4,28,6515,1,5.200552843911554,491003.296545765
3435,2,1,37,4798,0,1.690505441675967,651352.5417868437
3880,2,3,2,5240,3,2.4944726933338273,828686.5421950269
3945,3,1,15,3988,3,1.5499420085766906,812454.9718030674
1753,5,4,29,8028,3,5.493726514128927,638926.1623032121
3339,2,3,39,5414,2,1.9570356761340446,690076.2473610028
3760,4,3,1,3849,2,2.027259723786689,829690.674376481
2342,2,1,16,2305,3,9.469434340345394,688968.1144903603
1997,5,4,40,5613,2,8.853895649584498,714013.6864904185
2476,5,4,11,4749,1,5.068779371302294,677404.9142883663
1991,4,3,34,6964,2,9.872247887651852,762288.5689975473
3017,2,1,42,8680,2,1.001678753535968,659312.934541851
2216,5,2,0,3135,3,6.525815106460544,639210.4997052978
3793,3,2,44,7530,0,6.5478535963468305,877770.9436688347
3642,1,4,14,2205,0,5.1169875028289935,749890.5241373724
3481,1,2,25,9352,0,4.572531756408636,808726.6254972995
2017,1,4,36,9549,1,5.098448219325468,691012.2182823068
2340,2,4,20,6591,2,4.734643924717124,701167.8988765413
2876,4,4,48,5450,0,7.574432297340694,809831.0411250913
2245,5,2,30,9214,3,2.2181989147595567,650619.9593320446
3186,3,4,24,8005,0,2.778752985320171,766189.9609989995
2319,3,3,22,5811,0,2.624664055531812,575955.1380915552
2188,2,1,23,5622,2,3.362235266091381,583328.9288394678
2656,1,1,37,5599,2,5.72732576903425,602958.7095659814
2165,2,4,27,4551,2,2.0008787260439687,519357.38505037647
1299,4,1,20,7141,1,8.813523657938537,574387.722623331
2480,4,2,42,6308,1,3.676253781776251,666862.9709420585
1310,5,2,17,2309,0,2.462841887218371,352927.3214770457
1016,5,1,35,4708,2,7.08059178638419,420495.12959641154
2124,4,2,34,3991,0,1.3427767053938735,474692.1269022505
1955,4,1,44,8896,3,6.579717083867478,659559.5012498695
2627,4,1,8,2271,3,7.283785876088498,675856.7826716636
3941,2,1,37,5642,2,2.9342487824804726,771545.260860237
2610,4,4,29,6086,2,1.3776766609927087,613677.3731499935
3292,3,1,43,3822,3,4.2728082302750465,724317.0152025755
3723,1,4,33,9081,2,1.8873480721774283,846967.322801171
2005,4,1,31,5273,1,2.048300647060034,483478.54350758495
3014,1,1,2,8175,1,3.288351083003781,695861.6107697044
890,2,1,2,6538,2,3.659211321640834,399673.4833393832
1513,1,2,27,8305,3,5.769733069192785,582112.1624578204
2681,2,4,43,8910,0,7.1055269695271175,803947.8076859626
838,3,4,14,6349,2,6.334938467831663,507879.9931855446
3997,2,1,40,2520,2,2.335243035605651,691653.2958853155
972,2,1,22,2976,0,2.548774292073638,209944.0595240804
1452,5,2,39,5722,2,8.90892324813623,665951.6440049638
1553,4,2,10,5551,0,6.025170835577023,515310.1646661696
2043,4,2,47,6105,3,8.8294404960792,637337.2736419719
1881,3,4,31,4773,1,4.343918601878869,557123.4334370946
2483,3,4,35,4552,3,6.5296000668819145,654474.4465751263
3323,4,4,32,4832,1,5.712970744491496,789770.3061550409
1255,5,1,23,5907,0,3.8721114083841632,461658.2979838689
1628,4,4,38,7679,1,5.229238348302358,651691.5767617803
1694,5,3,33,8579,3,5.522417891442388,661365.801534231
2184,3,3,27,7230,1,2.806938772810107,585198.6911939463
2758,1,2,36,2152,0,3.8350933513905843,555074.7471525593
3872,3,4,6,7754,1,8.12268775456278,976689.6151488223
3234,3,3,3,4964,2,9.242094155087145,889909.7906022242
2796,2,2,36,4916,3,4.238146841907695,648180.2229298841
3195,2,4,0,9269,2,3.7627505398811634,859298.6233611444
989,2,1,0,4800,0,2.756774481146943,406535.0504094867
1304,2,3,46,7952,1,7.106420517855231,501196.6542844136
2014,5,1,19,7310,2,3.9078973149970357,595767.1045276913
2331,4,4,18,3752,2,9.889745851892696,714928.3599775621
1623,1,3,28,4610,1,3.931163218575579,453828.15766687423
1728,3,4,9,5875,1,4.547224421043653,553442.5462925514
1733,5,1,17,3104,3,6.430007765908313,509949.80492266576
1940,1,3,27,4536,2,8.215158638721745,658491.7268839369
933,5,1,34,6990,2,5.225667988110703,465061.1308182805
2905,5,4,42,7207,0,4.803904304100625,791863.276492137
1484,3,4,46,9361,3,9.960740502353275,710888.897818807
3519,4,1,30,6199,0,1.0944427702595,702069.574983085
3020,2,3,26,5854,2,9.055587599661212,899308.9092280196
2652,4,1,10,9263,0,2.342267433457637,686535.0799831675
1614,3,4,48,5494,2,8.07332748588022,636051.8836217887
1972,3,1,48,3914,2,6.561384038616682,532590.9118839151
879,3,4,37,9365,0,4.076625569482829,495546.1595379985
3733,1,1,4,5072,0,8.864874599689166,887544.2841980701
1002,4,3,7,3006,1,1.116165051828928,267431.455013933
3611,4,3,33,2406,1,3.040215868674313,725547.9100792266
2052,5,1,47,7497,1,6.102035166245824,622181.7848780268
2499,5,1,11,2166,2,4.163880340447282,543523.5677292641
2050,5,3,37,2508,0,6.4933974578649485,583739.7219968189
2482,3,4,0,3661,3,1.2169917406780013,563138.9989683504
2355,4,3,30,8456,2,2.048130374335413,737352.4977122658
2894,3,4,3,5664,3,2.143866161965953,668043.3870467388
2056,1,1,48,5489,0,2.7035528132440847,426381.0720575979
2349,5,1,44,6858,2,5.133982967204885,680946.1073795558
1966,3,4,49,2680,3,7.769158295892141,603738.3009781009
2196,3,1,4,4524,3,9.14984954136011,739102.3078118693
3503,1,4,29,4120,1,8.518352772558215,881220.5509308924
1270,2,2,23,7260,1,2.771990845981152,422530.5573115933
3818,4,3,2,6677,1,4.970354970075691,880126.1024595033
1835,2,2,10,6357,2,2.794704379826815,560390.1019175114
2153,5,4,44,3363,0,3.380246350004717,502062.65318243887
3583,3,3,3,3331,0,5.531922833606975,831135.2496750992
3631,1,4,25,4292,1,1.6129812225117028,751384.493280498
1767,1,3,26,3538,1,2.9635689663394587,443091.69003758766
1157,4,3,45,5408,1,9.418403451764055,556045.6602234673
3819,2,3,42,9742,3,5.195046633926401,915054.3827083295
1467,4,3,26,2560,1,5.00847873380085,477344.2498461503
1172,3,4,41,3099,3,1.13110439276151,247679.74488658935
1831,4,3,49,3903,0,3.2265977235251118,490846.7332598321
1945,1,3,5,2174,2,8.796631923839632,624730.0883252622
2171,1,2,14,4156,2,2.481655854328019,506126.92536661
3523,5,1,29,4230,2,4.73612445581249,790722.1796352277
889,5,1,41,6287,2,1.1289781528030112,286107.7620621114
3545,3,2,36,6160,3,5.305019335035002,763185.7027335985
1339,2,2,36,5920,3,1.1891899605359544,401037.0011120177
3579,4,4,41,9106,1,8.3764859775922,1034878.5346053457
1668,3,4,36,3497,3,8.423683907383932,556550.0385264962
840,5,4,34,5854,1,8.08967969472133,497747.59005814086
1539,4,2,22,5171,1,3.550276620020064,501596.6622913247
2746,5,2,5,3567,2,8.535134963996363,798385.0668983146
3349,4,3,3,9007,3,5.886983193447424,1024557.8335253868
3806,2,4,17,3151,3,4.364272979803022,862296.5485598524
2024,3,4,8,9619,1,6.627969637338097,776741.975090244
1728,4,4,48,8033,1,1.111069414543366,484723.07436373766
2836,1,1,28,2368,0,2.2866478984067693,542670.3713518897
3308,1,3,12,6946,0,7.680641843532365,914998.4559625703
3579,4,4,46,2042,1,3.197454478445377,714694.6390089473
3599,4,4,16,3907,0,6.382082055958747,858025.6141868547
1724,4,4,44,5490,0,4.465923425407267,540288.6914333897
3756,1,1,31,4535,1,8.693252009193353,853496.3397856668
2381,1,1,47,6173,1,9.571737753969792,713972.3492729443
1189,4,2,21,4873,3,8.952082555331714,579931.2280315632
2417,5,3,3,3824,1,3.43557995224237,669319.091201479
3730,5,2,4,3293,1,2.7474658214147403,772364.8722600474
1055,2,3,36,6769,2,5.269914042586615,490619.70744657057
1508,3,1,40,6796,3,1.0660073575256224,412983.22547837906
2638,5,4,48,6854,3,1.2322845357686356,668779.8966476832
2744,1,2,12,8019,3,5.979615756607001,765968.640241418
3297,5,4,33,8871,2,5.684044637487574,924275.3055455455
809,2,2,44,5386,1,9.95123790131734,513698.02240558696
3671,2,1,21,4972,3,2.816576518273823,726504.7289651113
1597,3,1,22,5922,3,3.3229353624442157,521134.6466812234
1676,5,1,2,6997,0,2.0218657809365803,499892.32291497383
1828,1,2,41,9032,3,9.257887086883702,695193.276333308
3990,1,3,33,2992,1,8.000301200126057,867047.2866530507
1815,4,2,31,7287,1,8.401052003111626,683962.3084207379
2624,1,3,44,4386,0,9.124874091680578,720303.2016249088
1173,3,2,48,4240,3,5.7240998805325445,450976.7125795642
3936,3,2,20,3476,3,5.060738723056513,862145.0916059671
2993,1,1,45,8426,3,3.9735232629905486,739065.620935269
1023,1,4,43,5407,2,6.302931529130699,545451.8117128592
2062,4,4,20,2389,3,5.088505571108403,589483.3919976656
3024,1,3,43,2999,1,5.064090279450176,638145.0553890772
2602,4,4,10,6620,1,9.43235077358025,795914.3693693592
1652,4,2,38,9407,2,9.856283628512172,694487.5867670868
862,1,2,3,3855,2,8.168359503966226,500669.44712174294
2040,2,1,0,7602,3,7.810822812222355,733908.3055087521
3674,2,1,27,2658,0,7.125023456011913,749886.005004848
3642,4,4,23,4763,2,2.4946736710016233,870853.2150050172
1488,1,3,34,5663,2,1.5319523878808907,421561.7440268675
2284,2,4,12,6986,3,7.216536836019368,768542.9224968944
2433,1,4,46,9722,3,7.559076000309184,863693.6554058121
2952,1,4,33,3481,2,1.4227569198832581,653172.5946219278
3970,1,4,10,9256,0,9.352465752059633,1097865.7680764557
1310,5,2,35,5731,2,1.8202657550020978,442503.06209984014
1184,1,3,16,9262,3,3.5731048039408213,542851.1729836465
1204,5,2,34,2451,3,7.05150831518834,468678.693928348
3670,4,3,17,4475,2,2.528853349640287,795825.120667333
1317,2,1,39,5222,0,1.4987429959801999,352688.18972174637
1275,2,4,21,3537,2,3.980318402477348,432694.4822305814
2800,2,2,23,9543,2,7.893744173696612,822241.0190509487
3556,2,3,18,5093,3,4.723108110867344,816353.7907324235
2468,2,1,36,2882,0,6.876756297171454,569120.9291921087
2693,2,1,38,6408,1,6.21657187505323,694455.4740024976
3618,2,4,20,6068,0,1.1999663382302237,700645.4438955602
2260,4,3,7,6935,2,9.89685988341136,829352.6524005104
3894,1,2,27,4566,2,1.3728527993744897,689803.0851173173
3844,3,4,4,5277,2,9.710224638836365,1014791.424171119
3524,5,2,16,2374,0,5.9487776052795835,803922.472366415
1513,3,1,36,6546,3,9.668431243585598,656315.1824350159
882,3,2,35,5697,2,2.032782394724519,358230.33613461803
1968,1,2,18,9951,2,5.413676672669618,677153.934250957
3956,1,4,26,5062,0,2.5255368267945277,768200.2212124384
3949,1,2,33,6690,1,1.4587738932019816,807037.5979760522
3304,2,4,10,5250,1,6.557762035560804,809652.0099538667
2701,4,1,44,7329,3,2.870050788655223,691318.5443300104
2848,2,4,46,6595,3,6.289273164587914,793162.971839149
850,4,4,11,6559,2,2.0112803375408705,454729.0538807079
1484,4,3,20,9291,0,3.987878242894325,573863.0105928471
1516,3,2,10,2112,2,8.034693022479225,511944.40234564996
2269,3,1,38,7131,3,4.933463696579689,598527.0166897147
1248,4,4,27,5197,0,6.649708734076027,494935.3383147129
1680,4,1,4,9732,0,6.827121466709913,619214.7942095374
1287,2,3,16,4378,3,8.593795395885643,596714.972405238
2623,2,2,19,3924,1,3.9243051496597716,641060.1373324662
2881,3,4,40,9450,1,7.185660063242658,875402.4993387718
2942,1,2,45,2139,0,9.654542263415491,719452.3292231889
3943,4,3,11,3424,2,7.5721900092208125,1001063.5333243957
2374,2,3,5,4949,1,5.4088342904597,655356.4027725722
3001,3,1,16,5168,2,6.676457000427363,772048.9292550009
1049,2,4,18,2516,1,7.657146079867974,467663.10659682576
1473,4,1,25,4616,1,6.510481891244852,503882.80528721784
1237,4,3,47,8043,2,1.1500823214085525,448091.2927301467
2965,5,2,43,8989,3,2.7529614791850325,735349.1363034901
1570,1,1,43,9236,1,8.294213954939195,596558.0140780407
1067,5,1,31,8261,1,3.453855825812362,474060.4772075897
2784,3,2,5,2887,2,7.584059076050205,721013.2259043849
1877,2,1,35,9226,3,4.3490819371752885,602801.5092716377
1035,3,2,37,5104,1,5.696958953421489,420514.1302426314
1188,4,4,10,7437,1,1.6117596983746334,464887.4535125664
3837,5,2,32,2049,3,2.6310300494473857,734107.0776821859
1562,5,4,23,5951,1,9.61477267167311,669471.654209355
2648,5,2,22,5560,3,9.011242481022226,791089.0983712471
3248,3,3,14,2018,3,6.870475998091452,809621.8032481298
1423,4,3,26,6821,2,5.136801376471636,558446.5794393307
3614,2,4,10,8340,0,7.0818516360570145,983502.8156152352
3766,2,4,49,3473,3,6.567492601845451,884308.9119824552
2052,3,3,16,6061,2,6.116970300441508,643146.8276969675
3700,5,4,13,4606,0,1.5325936467718764,808882.3907009538
1377,1,2,26,9846,1,6.695223495953562,592426.9657408361
2922,3,2,17,2451,0,7.9202804011405155,723566.8048641353
1234,3,3,27,8432,3,9.94673489181018,711979.3851950777
2950,4,1,46,7260,3,1.0997069733487872,664805.7282181826
1563,2,2,46,7203,3,7.57156107979609,585226.2993429904
3585,3,4,3,5765,3,6.146103843423824,932366.3955513951
3653,3,1,6,4438,3,4.90646958472861,784400.3600531275
2129,5,1,44,9758,2,2.148131571142338,612632.678712747
2945,5,2,34,6310,3,4.681766337713886,710006.4119171017
3645,1,2,47,3549,2,4.1893946468752175,701932.8773958349
2158,4,1,8,8358,1,3.7254690008086797,656535.9159682905
3706,1,1,7,5474,3,7.577916609899869,816720.5353246924
3282,5,3,44,2127,3,7.306529691558374,846578.598061202
1246,2,4,16,7941,0,6.301180818828204,592284.3020918431
2817,5,3,16,9644,1,9.44798331964035,883473.5893163166
2131,4,2,48,6855,3,4.14868945762769,678422.1946414891
1048,5,3,32,8547,3,3.194217439391616,575218.5527593709
965,4,3,31,9196,1,6.9031298178855955,557833.4956774478
3831,4,3,7,7911,2,2.7893265484366268,868808.4917699085
2158,4,3,18,8481,3,3.8350945646508214,730786.4713423565
1819,4,4,37,8974,0,3.0214219606739636,580551.8448936413
1341,4,4,2,4761,3,1.622382109466511,463760.7379710484
1558,2,1,4,6456,0,8.447488674721061,641525.9088857096
3977,1,2,12,6664,0,3.2908648862949503,835496.2782435778
2928,3,3,46,3415,3,5.257247530087186,684699.5607426796
2980,1,1,45,8361,3,1.3898374592888074,614794.0871660636
1596,4,1,30,7693,0,7.294055196273788,581695.0870347043
3747,2,1,15,7788,1,3.975049020756617,837363.1301312334
937,5,4,49,2201,1,7.70263055046289,408978.86809053225
3031,2,3,31,8160,3,4.7116275442107955,759202.6140589885
2153,4,3,21,4369,2,2.7618004576506214,560383.0509405853
3632,2,2,28,2517,1,5.618575740538323,710113.2691432993
2675,2,3,21,9737,3,2.174541036736958,691978.635449784
3831,4,3,42,7444,1,4.964852438856953,956989.1307793346
868,2,1,2,7531,2,3.8557492967843787,415849.67300540727
3393,3,2,9,3341,3,9.207636257796699,866839.2041988019
2900,3,3,41,6776,2,1.5483584954864795,648730.5873517168
2273,2,4,20,3988,3,7.2461567269516785,675839.3467301619
1004,5,3,15,9249,2,2.644760493886923,514945.0784423246
2973,4,1,11,5545,1,3.8714056689901586,720781.126320088
842,3,4,1,7587,1,4.739626567558593,481807.9117970292
2706,5,1,40,6520,2,9.172135804374768,800188.2724152309
2958,2,3,23,8064,2,3.1832043946644264,781943.3034063124
1560,5,4,34,5802,2,1.821779222902032,442275.3379384433
3695,1,2,29,7808,3,3.868206435914712,840387.7004014062
2942,3,2,29,5275,1,1.9420837348198001,638409.489581032
2794,2,4,46,5654,3,2.1573683736449727,620813.7235381508
2735,4,4,34,9162,1,6.1646553817752405,818152.286439642
1699,2,1,18,4434,0,1.54811739789544,371882.64112332946
1159,4,4,49,6873,3,1.2783779325420943,437384.52043459745
3747,2,1,7,8241,1,7.42972691323448,908466.9731657306
2519,5,3,25,9512,1,4.2548238535694,784330.6062118368
1080,5,1,48,7922,3,2.1283781431048596,412450.29886493477
2687,5,4,39,2207,3,3.282514937737374,610811.857660423
1466,1,4,6,7633,1,6.778778566171591,583888.5511646615
892,4,3,29,7755,3,3.479829104267661,486815.4614863155
1471,5,4,6,9959,2,5.450690126083671,656541.389131073
2769,1,4,2,4633,3,2.0952577605400506,617373.9872286668
860,4,2,0,8309,3,6.292842738449023,578044.9680314692
3481,2,2,35,6117,3,3.8446991545893767,752478.3044598947
3922,1,3,24,2153,1,6.642715910758449,833593.4283446267
1828,3,1,36,8058,2,8.275553940736206,691812.961790523
2289,1,2,0,9606,0,6.504817774509932,742829.1724461769
1403,1,1,14,5366,0,3.661728063355186,472238.7479599789
1481,4,4,36,6314,2,3.3016933139347033,485923.8217997372
3381,2,2,12,6764,2,3.9467886286010323,788784.3756170336
2228,3,3,39,3518,2,2.481584619128544,514604.27127018315
3685,5,3,7,8373,1,2.630546657650181,900610.7150184744
3492,5,3,4,8163,0,8.11621991710151,1019624.1917626805
3080,1,2,8,4600,2,4.462593188567005,715773.325003036
1323,4,1,0,7045,1,4.923956625135272,521319.0007175732
3193,4,4,35,4195,0,6.3464451901013,742021.3737176365
3917,5,1,34,9275,3,6.306881456363929,989093.472102999
3393,3,1,1,6498,1,1.6063918436973315,711560.7957925397
2768,2,4,39,6691,0,8.48386707703899,820669.7662439379
1901,3,4,22,5554,1,2.595938979015455,524837.9487988455
2553,2,2,8,4414,0,7.50764472444702,693701.9764800733
2636,5,2,33,7533,0,7.954038893153499,748102.9318913304
3944,2,2,45,9476,3,7.434095806821823,941628.8326576694
3641,4,2,13,4849,1,6.210798818987307,919229.581680191
3096,1,2,3,9061,2,1.1314809739799458,730797.541636457
2894,1,4,29,7253,3,4.2433794312685365,762374.5501106316
1944,5,1,30,3742,3,6.4435548642632305,559160.0227110982
3061,4,2,37,3306,0,4.487061663302848,696712.2497979297
3086,3,2,10,5849,2,8.771319054215319,886017.1732325137
1879,4,1,34,6168,1,3.779220478146538,504617.69612097915
3197,1,2,7,6576,2,3.641813132127944,719330.1652278369
906,1,1,2,9519,2,3.3939792378339217,428153.65043102985
3678,4,1,13,6655,2,3.9950278206471594,841827.2160549656
847,4,4,12,9493,2,6.016644678827685,576339.3270648988
1136,1,3,44,6840,2,7.363137648453317,519430.26145849243
1849,3,4,31,7562,0,6.963111259649066,700629.6847504327
3651,5,3,33,6195,0,8.269460379833315,918837.8039929512
2080,5,3,44,7178,3,8.973225959476824,722290.789256053
2855,4,3,18,4555,0,8.34471138109016,794970.7551828086
1424,5,2,37,4305,3,1.1705086303691912,345170.1712843014
2690,1,4,15,6508,3,7.623261581967899,824113.664504516
2076,1,3,1,9619,1,2.8755961625649844,640608.8019984084
2515,4,1,39,3088,2,2.1963523843718438,515777.6683819977
3566,4,2,16,4642,0,6.74639906319222,838593.3903823313
1102,4,4,33,3177,1,3.877688758669254,428082.0924303683
1438,3,3,41,8104,0,1.5140544703339893,475975.79981850565
855,5,1,15,8409,3,2.238667609585252,419005.5344872307
1525,4,4,37,6916,0,1.0083647518296495,473032.1835024776
1325,2,4,1,9246,2,9.129012646102366,732796.4300077693
1273,2,2,1,9482,3,1.2215618545711473,494194.8331330201
827,1,4,25,6757,3,2.8851019255855994,394153.59755077824
2925,5,2,12,4994,1,4.746365026191166,744724.1568794972
1164,4,3,46,2559,2,4.209141933557372,354835.94905105303
3513,2,2,30,4964,3,9.20553289221498,902501.4893841923
1325,5,1,33,9034,2,1.362600511610879,454501.22512148425
3546,1,2,38,3271,0,5.609932369093464,727872.3405135326
2135,3,1,2,3813,2,7.124315162719366,581822.2487120812
1682,5,2,7,4915,3,9.38528176313052,651404.1115358901
1830,5,4,22,2609,1,6.58334126911349,572686.6870040759
1826,3,3,13,4461,3,8.233797124105864,681816.1035218093
2446,5,1,26,6120,2,1.7535244406081356,596712.8157273231
1718,1,2,28,8124,2,4.473455598432347,588206.6174016458
3597,1,2,38,2283,3,4.365524210311607,757635.5067297941
3210,3,2,38,7568,2,8.97659394810146,905154.1230600213
2574,4,4,0,4928,0,2.3623405413694742,647927.3158546457
2331,2,4,16,6396,3,2.3669755510296726,595554.5688751854
3653,4,1,40,3091,1,3.957023348972186,791295.721661504
3586,5,1,29,7126,3,1.4901944263015383,735139.5385062327
2706,2,4,12,2816,0,2.6421223658724102,599835.0817930651
3886,3,1,20,9304,0,9.686886746911616,1061136.138779152
2015,3,3,18,9331,0,4.853655458804555,692613.5137960541
